Date,Optimized,Equal_Weight,Daily_Opt,Daily_Eq
2019-01-07,1.0000000000000087,1.0008797784125296,8.551191496959784e-15,0.0008797784125296388
2019-01-08,0.9890252451852305,0.9957294330585177,-0.010974754814778031,-0.00514581817426741
2019-01-09,0.9923212137088363,0.9963450007764275,0.003332542358904582,0.0006182078157707514
2019-01-10,0.9874634842147891,0.9930608820887534,-0.004895319607137319,-0.0032961661724753115
2019-01-11,0.9853470072715427,0.9880467139877802,-0.002143347047338621,-0.00504920513073346
2019-01-14,0.99286681871091,0.9990983320224597,0.007631637772148876,0.011185319356080787
2019-01-15,0.9899820901037875,0.9964098748026522,-0.0029054537353437855,-0.0026908835032937602
2019-01-16,0.9850685966041139,0.9953863744853476,-0.004963214535687622,-0.001027188051008872
2019-01-17,0.9834032941348766,0.994920218192007,-0.0016905446737194366,-0.0004683169322883533
2019-01-18,0.992096874525028,0.9991438925840306,0.008840300253213427,0.00424523928129538
2019-01-21,0.9872040003053947,0.9953697403621321,-0.0049318512589568006,-0.0037773860701261134
2019-01-22,0.9778787778456235,0.9783660664419108,-0.00944609468446888,-0.017082771588008198
2019-01-23,0.9675896816479088,0.973463349196316,-0.010521852432857474,-0.005011127648186767
2019-01-24,0.9413740975733249,0.9601058783861416,-0.02709369950073868,-0.01372159601201452
2019-01-25,0.9217795897205647,0.9481449933218123,-0.020814793930777176,-0.01245788129579478
2019-01-28,0.9359942137850978,0.9587004819743569,0.015420849217156458,0.01113277898094836
2019-01-29,0.9365384911690798,0.955363788925288,0.0005814965263311087,-0.0034804332654525625
2019-01-30,0.952914592807688,0.9706126618236969,0.01748577532373049,0.015961326015467615
2019-01-31,0.9607530302749893,0.9773542017557185,0.0082257502681389,0.006945654221484
2019-02-01,0.9526735654222966,0.9721565637785206,-0.008409512744789478,-0.005318069915554565
2019-02-04,0.9560145223898013,0.9720604497403604,0.0035069273345732467,-9.88668304481597e-05
2019-02-05,0.9744066706230928,0.986335014201738,0.019238356533868937,0.014684852639761672
2019-02-06,0.9779072987469889,0.989966803255254,0.003592574054996409,0.003682104965578423
2019-02-07,0.9772263880669703,0.986695833558871,-0.0006962936884621808,-0.003304120588313916
2019-02-08,0.9692073743490406,0.984810767693036,-0.008205891506667031,-0.0019104832530161733
2019-02-11,0.9743737321160116,0.9848066313503133,0.00533049778995011,-4.200139619052966e-06
2019-02-12,0.968717164869136,0.9804303837362677,-0.005805336351372552,-0.004443763348795842
2019-02-13,0.9670272677087043,0.9772686417367531,-0.0017444690996674546,-0.0032248510980102648
2019-02-14,0.9613303594247388,0.9728329287991193,-0.005891155786603515,-0.004538888027503645
2019-02-15,0.9537517903949599,0.959965468890362,-0.007883417969150455,-0.01322679313974396
2019-02-18,0.9568189878812157,0.9572063888859418,0.0032159284177968915,-0.0028741450539981786
2019-02-19,0.9699223711925946,0.964673438354385,0.013694735866807042,0.007800877172512179
2019-02-20,0.975666950311584,0.9680302803213804,0.005922720507957624,0.0034797702865352886
2019-02-21,0.9723563410759496,0.9647370584941873,-0.0033931755447666944,-0.0034019822459477175
2019-02-22,0.9848534049620121,0.9788424219141009,0.012852349862020806,0.014620940800107585
2019-02-25,0.9966676614320754,0.9901591424068438,0.011995954332430779,0.01156133024007415
2019-02-26,1.002602357970834,0.9931207612850268,0.005954539078985748,0.002991053408832835
2019-02-27,0.9927734529802744,0.9799952294539226,-0.009803393052508248,-0.013216450952168897
2019-02-28,0.9902468910020358,0.9795208811998748,-0.0025449532022174975,-0.00048403118687847076
2019-03-01,0.9977977089938116,0.9847293179193928,0.007625187274392978,0.005317330972197269
2019-03-05,0.9937934657684594,0.9835173781759671,-0.004013081197981572,-0.0012307338893762778
2019-03-06,0.9855429327756092,0.9824790901160466,-0.00830206001251012,-0.0010556885754738467
2019-03-07,0.9867191734552894,0.9845821559859439,0.001193495118845251,0.002140570614738337
2019-03-08,0.9975215188320327,0.9892198943946166,0.010947740418295188,0.004710362035790176
2019-03-11,1.000526137676365,0.9922533043632327,0.003012084238393536,0.0030664668046052118
2019-03-12,0.9901166812937064,0.9880481686549566,-0.010403982455504467,-0.004237965940536373
2019-03-13,0.9836791402256942,0.9821105429162552,-0.0065018004338648246,-0.0060094496676051335
2019-03-14,0.9780562608485541,0.9805808782497122,-0.005716172222428166,-0.0015575279967985447
2019-03-15,0.98032898046416,0.9811886422905707,0.0023237105129659446,0.0006198000127673024
2019-03-18,0.9813419037977196,0.9837800106559449,0.0010332483826807723,0.0026410501036015586
2019-03-19,0.976095550035465,0.9806551724897353,-0.005346101844781707,-0.003176358669989614
2019-03-20,0.9719128985426693,0.975451676309961,-0.004285084070554163,-0.005306142592980404
2019-03-22,0.9690414256089847,0.971897795334698,-0.0029544550113391453,-0.0036433183330074545
2019-03-25,0.9801304239011608,0.978769795710376,0.011443265477744909,0.007070702710372542
2019-03-26,0.968036495586178,0.96852978094895,-0.012339101021725172,-0.010462127873484255
2019-03-27,0.9721837554769778,0.9759155330447397,0.00428419786827187,0.007625735667676686
2019-03-28,0.977234439651489,0.9754490667249439,0.005195194988660633,-0.00047797816921752237
2019-03-29,0.9821745489167072,0.9794495986306139,0.005055193579730966,0.004101220701457724
2019-04-01,0.9796300842456912,0.980516295802959,-0.002590644070162838,0.0010890781657743554
2019-04-02,0.9719474490440854,0.9748139249695772,-0.00784238390098175,-0.0058156818584151355
2019-04-03,0.9793275513304485,0.9728755584524441,0.007593108345128694,-0.001988447710360351
2019-04-04,0.9855889969167534,0.9784680700088716,0.006393617311999997,0.005748434635693265
2019-04-05,0.9707661172102956,0.9687839852901227,-0.015039615654018679,-0.009897190328000308
2019-04-08,0.9702511520176058,0.9718349324543317,-0.0005304729775383121,0.0031492543338188183
2019-04-09,0.967270612519318,0.9655064689176787,-0.0030719257504512477,-0.006511870818093355
2019-04-10,0.9697959675360949,0.9665131426446176,0.002610805067466565,0.0010426379929567243
2019-04-11,0.9763736247003316,0.9738660556086871,0.006782516513188032,0.007607669921538883
2019-04-12,0.9830169695029357,0.9805735199052806,0.0068041010475298844,0.006887460814517564
2019-04-15,0.9832079707460203,0.9824726604189772,0.00019430106397976056,0.0019367650412178364
2019-04-16,0.9819163390380831,0.9788086539342539,-0.00131369124983519,-0.003729372462294119
2019-04-18,0.9746707109132638,0.9720833614439731,-0.007379068701430527,-0.006870896025744039
2019-04-22,0.9682878704731817,0.9670921264847085,-0.0065487147285891835,-0.005134575034645506
2019-04-23,0.9875940629602592,0.9827465260231073,0.019938484283235896,0.016187081984940815
2019-04-24,0.9957359388885527,0.9859814605052126,0.008244152363460662,0.003291728229451228
2019-04-25,1.0000366785399244,0.9916998397140537,0.004319156799916453,0.0057996822839965385
2019-04-26,1.0009888184665598,0.9936621436554623,0.0009521050048139279,0.001978727698468295
2019-04-30,0.9980302826329611,0.9928021481971661,-0.0029556132686186804,-0.0008654807509647783
2019-05-02,0.9917233051992151,0.9854779815934586,-0.0063194249147502,-0.007377267078850977
2019-05-03,0.9914611928139107,0.9897671633231595,-0.0002642999150372265,0.004352387176388945
2019-05-06,0.9785767139980295,0.9772227833772035,-0.012995444409995626,-0.012674071651193239
2019-05-07,0.9783256399246181,0.9768611737487496,-0.0002565706600411292,-0.0003700380656334923
2019-05-08,0.9692762036697308,0.9737476034555345,-0.00924992240373519,-0.003187321163831886
2019-05-09,0.9695090007504068,0.9699785490712475,0.00024017620549711318,-0.003870668714266154
2019-05-10,0.9587994588697442,0.9601110104011408,-0.011046356323018577,-0.010172945246629267
2019-05-13,0.9681276378588608,0.9635371862729512,0.009729019872531901,0.003568520550950565
2019-05-14,0.9573556750251542,0.9567551084054723,-0.011126593656111513,-0.007038729759577379
2019-05-15,0.9660772054880952,0.9627624209573327,0.009110021166074789,0.0062788403208759325
2019-05-16,0.9684351940765652,0.9684617478978658,0.0024407869009586912,0.005919764644392748
2019-05-17,0.9932334182481377,0.9848453545415444,0.025606487995532137,0.016917143789355372
2019-05-20,0.9736837724637819,0.9690218611226488,-0.019682831271260928,-0.016066982847537114
2019-05-21,0.9695049343946684,0.9629939382125988,-0.004291781569430372,-0.006220626336609568
2019-05-22,0.9624424072175504,0.9434782173551124,-0.007284673782013997,-0.020265673627924696
2019-05-23,0.9671157533609084,0.9443921429777925,0.004855715114288009,0.0009686769719413491
2019-05-24,0.9710282480877811,0.947624349142159,0.004045528896904231,0.0034225254714371524
2019-05-27,0.9647579109839308,0.9436962797707751,-0.0064574198703264436,-0.004145175643639601
2019-05-28,0.9546594177002581,0.9402019798030382,-0.010467385826744419,-0.0037027802722562723
2019-05-29,0.9609717122654624,0.9462040112790162,0.006612090603380121,0.006383768174191016
2019-05-30,0.9627816674177565,0.9426305665752601,0.0018834635080228089,-0.003776611239394099
2019-05-31,0.9731922553039344,0.9509489353140772,0.010813030865138684,0.008824632930204176
2019-06-03,0.9613545260488381,0.9414918225038135,-0.012163813666395533,-0.009944921813430794
2019-06-04,0.9487888592465197,0.9284323949366969,-0.013070793824587574,-0.013870994155197441
2019-06-06,0.9405841503906461,0.924592775299458,-0.008647560282684357,-0.0041355942103902775
2019-06-07,0.9410211397241737,0.9266443398665759,0.0004645935542780759,0.0022188844883125666
2019-06-10,0.940031583433537,0.9264863110966459,-0.0010515771100814589,-0.0001705387527136577
2019-06-11,0.939452664825896,0.9257115248543933,-0.0006158501669980388,-0.0008362630218847422
2019-06-12,0.9424896215974163,0.9280092786244717,0.0032326873776904537,0.002482148821080962
2019-06-13,0.9329286913948481,0.9209085588158841,-0.010144334731626552,-0.007651561220500428
2019-06-14,0.9203592539695029,0.9108874751332015,-0.013473095576632222,-0.010881735853956935
2019-06-17,0.9212601176558911,0.9112375968426699,0.0009788174373243632,0.0003843742712757374
2019-06-18,0.9094484836953047,0.9059595925407317,-0.012821171495668915,-0.005792127454163361
2019-06-19,0.9293450830109176,0.9201346418981455,0.02187765406432727,0.01564644767175602
2019-06-20,0.9315380206079427,0.917154130684974,0.0023596591159877746,-0.0032392120429494973
2019-06-21,0.9316554204290166,0.9200343825999212,0.00012602794354791934,0.00314042298735119
2019-06-24,0.932538884325127,0.9226676880503618,0.0009482732314309504,0.002862181566518408
2019-06-25,0.9382661482889862,0.9263292350193347,0.006141581933073107,0.003968435240980256
2019-06-26,0.9352485910198248,0.9217657277703427,-0.0032160994773862677,-0.00492644199974627
2019-06-27,0.9305642617619898,0.9159893701510031,-0.00500864615334735,-0.006266622250441068
2019-06-28,0.9262104900969643,0.9154498349952482,-0.004678636225274515,-0.0005890190141245228
2019-07-01,0.9237239466385847,0.9140288312454095,-0.002684641865931854,-0.0015522464426968518
2019-07-02,0.9221849445784405,0.9131515537877929,-0.0016660844029697606,-0.0009597918879880721
2019-07-03,0.9256838944665908,0.9153280048255646,0.0037941954146192766,0.0023834499637479002
2019-07-04,0.9160005884987753,0.9047816443910724,-0.010460704810463788,-0.011521946645237837
2019-07-05,0.8977124102233635,0.8925064920622269,-0.019965247299004653,-0.013566977629289548
2019-07-08,0.904567243404991,0.890424447837081,0.007635889961599251,-0.002332805692354229
2019-07-09,0.906093943639787,0.8934702818864175,0.0016877686495137287,0.003420654112468617
2019-07-10,0.913966840081783,0.8970704336249709,0.008688830222582078,0.004029402892899973
2019-07-11,0.9218427520809308,0.9005727794838365,0.008617284187731755,0.003904203870272601
2019-07-12,0.9164771879767409,0.8968600951659066,-0.005820476531466848,-0.0041225810978407305
2019-07-15,0.9196417927509515,0.8965939076102578,0.0034530098683599724,-0.00029679941953436736
2019-07-16,0.9258521148667208,0.901047489623896,0.006752979436909082,0.004967223149562383
2019-07-17,0.9176690578018379,0.8934554996825367,-0.008838406191966078,-0.00842573785375993
2019-07-18,0.897157878539651,0.8775889909876198,-0.022351390283681258,-0.01775858864885227
2019-07-19,0.9032398801457314,0.8792607436293719,0.006779187645300848,0.001904938027846788
2019-07-22,0.9022222051536234,0.8791690061470565,-0.0011266940427208361,-0.0001043347868992055
2019-07-23,0.9016365293539523,0.8792787818579143,-0.0006491480661033854,0.00012486303553724785
2019-07-24,0.9122789786892439,0.8847064380659916,0.011803480658572235,0.006172850204128193
2019-07-25,0.9201710962245957,0.8883883072824874,0.008650991330186309,0.00416168466519188
2019-07-26,0.9040433138807641,0.8785809031078744,-0.017526938642175232,-0.011039546664693464
2019-07-29,0.9002836249337758,0.8803026028356251,-0.00415874868964984,0.0019596370939323417
2019-07-30,0.9086161892352487,0.8885053000661781,0.009255488015885924,0.009318042686833465
2019-07-31,0.9004096359204348,0.8807929688053661,-0.00903192504386371,-0.008680118464389198
2019-08-01,0.9163178384675317,0.8902852771699825,0.017667739118356913,0.010777002883539123
2019-08-02,0.9146518646075175,0.8892878479902786,-0.001818117895424218,-0.0011203478315113273
2019-08-05,0.922267858843724,0.8933070369633603,0.00832665906112211,0.004519559085581579
2019-08-06,0.9294143568401227,0.892672198214856,0.007748831240154596,-0.0007106613093100797
2019-08-07,0.9209572582714821,0.8932992813758074,-0.009099384474104296,0.0007024786502877276
2019-08-08,0.9073910683684965,0.8839545225073058,-0.014730531499852277,-0.010460949721250522
2019-08-09,0.8937504249163826,0.866941663413515,-0.015032816530407282,-0.01924630584561566
2019-08-13,0.8951474580215434,0.8704189378079286,0.0015631132206638928,0.00401096699023791
2019-08-14,0.8985721764482554,0.8704076758475474,0.003825870694289054,-1.2938551646785208e-05
2019-08-16,0.88942769726693,0.861872068556394,-0.010176677423365445,-0.009806447631383854
2019-08-19,0.8823758812925971,0.8566315142003738,-0.00792848704397454,-0.006080431826498354
2019-08-20,0.8697132398555943,0.8468859662134772,-0.014350620529714893,-0.01137659288193894
2019-08-21,0.8605239498857645,0.8405526608549857,-0.010565884878739558,-0.0074783449143790755
2019-08-22,0.8649762635570554,0.8434137573345658,0.005173956717743679,0.0034038277585961515
2019-08-23,0.8756007109887729,0.8546683615104069,0.012282935242669442,0.013344107892440563
2019-08-26,0.8750266223162069,0.853326219572072,-0.0006556512179139342,-0.001570365768498842
2019-08-27,0.8736950330551707,0.8523362699191795,-0.0015217699977076418,-0.0011601069206438048
2019-08-28,0.8728270283353499,0.8501803745877192,-0.0009934870715536113,-0.0025293952722025247
2019-08-29,0.872398763329091,0.8525827254252581,-0.0004906642351298197,0.0028256954751560677
2019-08-30,0.861518683029187,0.8434518029015925,-0.012471453144185447,-0.010709720302051985
2019-09-03,0.8546709216428324,0.8412012547931028,-0.007948476941065478,-0.0026682592896801415
2019-09-04,0.854072824753933,0.8399201315075314,-0.0006997978681078325,-0.0015229688237763217
2019-09-05,0.8541454272984722,0.8393117109661146,8.500744015612789e-05,-0.0007243790434274394
2019-09-06,0.8553757720398029,0.8395283831496002,0.0014404394169996138,0.0002581546053209069
2019-09-09,0.8536825543880915,0.8351394758200351,-0.0019795015326112683,-0.00522782483315149
2019-09-11,0.8516127189884282,0.8314404785702633,-0.002424596108968078,-0.0044291969866946355
2019-09-12,0.8554070134883734,0.8335818014921907,0.0044554225357886605,0.0025754374211003836
2019-09-13,0.8572421971978964,0.8335585757536176,0.0021453924045339036,-2.786257873143487e-05
2019-09-16,0.8463455913294734,0.8225776027958458,-0.012711233656067335,-0.013173606843219039
2019-09-17,0.8441523390919548,0.8218526240966507,-0.002591438131169744,-0.0008813499136505927
2019-09-18,0.8377659859886917,0.8145181974765826,-0.007565403550421708,-0.008924260147164256
2019-09-19,0.8944559984390986,0.8506777785566666,0.06766807604811527,0.0443938283909534
2019-09-20,0.9018342943287138,0.851534285019509,0.008248919904937677,0.0010068518120874923
2019-09-23,0.8916790173535403,0.8491431844112567,-0.011260690615821743,-0.0028079909996783703
2019-09-24,0.87558301608982,0.8372761432361467,-0.018051340168901066,-0.013975312282978304
2019-09-25,0.883588715902176,0.842795907745477,0.009143279009805242,0.006592525720362591
2019-09-26,0.8884917257949836,0.8448040962471969,0.005548972960571736,0.0023827696400328187
2019-09-27,0.8821475856878995,0.8467259333694922,-0.007140347988505594,0.0022748908662170095
2019-09-30,0.8647113402038938,0.8345829311899774,-0.019765678404491612,-0.014341124679142066
2019-10-01,0.8612506655106494,0.8329777236944417,-0.004002115541156746,-0.0019233648754917103
2019-10-03,0.8409373585658239,0.816777201703126,-0.023585824381083545,-0.01944892586018125
2019-10-04,0.8248239540791645,0.8019276837905069,-0.01916124230006839,-0.018180622428803195
2019-10-07,0.8541615867249677,0.8152625320868494,0.03556835673929438,0.016628492276650204
2019-10-09,0.8495674327039581,0.8075826953642583,-0.005378553768291645,-0.009420078097950622
2019-10-10,0.8660941161373475,0.8195387828013593,0.019453056693556632,0.014804784086796398
2019-10-11,0.872838990405531,0.8237669092564299,0.0077876920562220875,0.005159153591997295
2019-10-14,0.8779554242049286,0.8294534676703882,0.005861830023221626,0.00690311585724088
2019-10-15,0.8745319748966454,0.8253415546568851,-0.003899342966510493,-0.004957376361391163
2019-10-16,0.8799055016379707,0.8297992612849896,0.006144460003261029,0.005401044698346448
2019-10-17,0.8794995733434975,0.8314821415753143,-0.0004613316926846082,0.0020280571083164177
2019-10-18,0.8768656929297663,0.829098343319412,-0.0029947489385561965,-0.002866926584118747
2019-10-22,0.8760803441015592,0.8293341176075045,-0.0008956318334032186,0.00028437433266186675
2019-10-23,0.8752535741629734,0.8259454464625995,-0.0009437147450598649,-0.004086014397527511
2019-10-24,0.8759187560056351,0.8225849550311984,0.0007599875765120456,-0.0040686602799174226
2019-10-25,0.8730296988951951,0.8203021696156463,-0.003298316300035235,-0.00277513635715051
2019-10-27,0.8754191402238278,0.8278607354144278,0.002736953086082392,0.009214367679074948
2019-10-29,0.8636441549743077,0.8253378682307905,-0.013450682888324215,-0.0030474536062813327
2019-10-30,0.8617160118945302,0.8222780134070267,-0.002232566582743569,-0.0037073966208808506
2019-10-31,0.8570046222681403,0.8170685956366868,-0.005467450484100469,-0.006335348489685642
2019-11-01,0.8603430667506661,0.8161930709406365,0.003895480136023353,-0.0010715436876729293
2019-11-04,0.85475378756794,0.8144282184677017,-0.006496570262181203,-0.002162297789297296
2019-11-05,0.8619133846039958,0.817716876054747,0.00837620978133051,0.0040379956299066485
2019-11-06,0.8607774191349041,0.817658063867266,-0.0013179578010771415,-7.192243330565734e-05
2019-11-07,0.8505560988570567,0.8060679079821581,-0.011874521857369327,-0.014174820010078713
2019-11-08,0.8468264803747914,0.8022411888161587,-0.0043849176877069854,-0.004747390546261609
2019-11-11,0.8424369541270642,0.8008377366380285,-0.005183501401354763,-0.0017494142630612817
2019-11-13,0.8380084871150216,0.799672482669655,-0.00525673403849109,-0.0014550437811102065
2019-11-14,0.8454190984399462,0.7999943267657534,0.008843122043353989,0.00040246988995297256
2019-11-15,0.8431281048611584,0.7957990059623823,-0.002709890967705161,-0.005244188193598951
2019-11-18,0.8438685282062572,0.7926348232271428,0.0008781860559859142,-0.003976107926162733
2019-11-19,0.8496320278048677,0.7955742110384716,0.006829854895597742,0.00370837581846489
2019-11-20,0.848895122864723,0.7934791245235863,-0.0008673224596401057,-0.002633426883144747
2019-11-21,0.8401300630577602,0.7863014349895135,-0.010325256407863283,-0.009045845457348786
2019-11-22,0.8470763371165596,0.7908325773727212,0.00826809367292193,0.005762602205181078
2019-11-25,0.8432102479927954,0.7861341192676605,-0.0045640386283535,-0.005941153967973499
2019-11-26,0.8466494451162075,0.7867576826594243,0.004078694645373302,0.0007932023003207708
2019-11-27,0.845834789280282,0.7856549326371062,-0.0009622115039757486,-0.0014016387086180563
2019-11-28,0.8409081412661159,0.7814321805540001,-0.005824598463676557,-0.005374817757373597
2019-11-29,0.8424665626312422,0.7786594453093274,0.0018532599325055724,-0.003548273687304517
2019-12-02,0.8361436569156614,0.7755539568720395,-0.007505230469720667,-0.003988249877395506
2019-12-03,0.8375343583891534,0.7776318153983974,0.0016632327016889215,0.0026791927343627255
2019-12-04,0.8299492578857285,0.7774396615545645,-0.009056464881050974,-0.00024710131456564654
2019-12-05,0.8234738294558525,0.7719300833162578,-0.007802197987828755,-0.007086824239568249
2019-12-06,0.816781666008456,0.7630936505748429,-0.008126746968775729,-0.01144719312331105
2019-12-09,0.809043937677894,0.752906316631602,-0.00947343537762755,-0.013350044172909387
2019-12-10,0.807189461253936,0.7539446939387827,-0.002292182584397936,0.0013791587136979797
2019-12-11,0.8128315980458088,0.7559949089088083,0.006989854380789445,0.0027193174598985777
2019-12-12,0.8148194801836793,0.7607908662312961,0.0024456260591366073,0.006343901613583933
2019-12-13,0.8085199519470558,0.755407872799805,-0.0077311949331445836,-0.0070755232093632076
2019-12-16,0.8150798464564778,0.7637106370518921,0.008113460272222782,0.01099110103435134
2019-12-17,0.8189106992809152,0.7683643269509334,0.004699972451891521,0.006093525051589596
2019-12-18,0.8215420211510144,0.7706847164833294,0.003213197571370927,0.0030199079408122654
2019-12-19,0.8258828238820952,0.7719608764398221,0.005283725749048286,0.0016558781161717664
2019-12-20,0.826178134049176,0.7719539180004749,0.00035756908672892555,-9.013979282649536e-06
2019-12-23,0.8294179911333535,0.7715323239916678,0.003921499432935545,-0.0005461388289847519
2019-12-24,0.8251452993475086,0.7660760537888702,-0.0051514336938923875,-0.007071991714577187
2019-12-26,0.8270256510281752,0.7663747618742488,0.00227881281291126,0.0003899196220809474
2019-12-27,0.824049982547541,0.7635827327704944,-0.003598036502174758,-0.0036431642098002617
2019-12-30,0.819409376936812,0.7585012697767486,-0.00563146133003075,-0.006654764147571632
2019-12-31,0.8176781546027296,0.7574878415089583,-0.002112768516945963,-0.001336093040541039
2020-01-01,0.8259266825198788,0.7618260737865287,0.010087744023388679,0.005727131235437907
2020-01-02,0.8169966144216101,0.7571722074282065,-0.010812180169580347,-0.0061088305040426834
2020-01-03,0.807843981749555,0.7496521348959868,-0.011202779192095797,-0.009931786267964291
2020-01-06,0.8136588208130305,0.7526956340974031,0.007197972869566104,0.0040598819902496145
2020-01-07,0.8229002291406026,0.7611053508210025,0.011357841998612794,0.011172798595655418
2020-01-08,0.8289298109672124,0.7627986172198875,0.007327233136034966,0.002224746412646254
2020-01-09,0.8367238770693427,0.7660802922891443,0.009402564606810245,0.004302151308581629
2020-01-10,0.8400566587614725,0.7668128562181501,0.003983132050447726,0.0009562495424817207
2020-01-13,0.8450117796542848,0.7716474649878353,0.005898555580903014,0.006304809224937969
2020-01-14,0.8514807413946653,0.7755142737322177,0.007655469303667229,0.005011107947387956
2020-01-15,0.8470692938696991,0.7734135319369626,-0.0051809128621518276,-0.002708837047118681
2020-01-16,0.8488975721640999,0.7724257787090741,0.0021583574184924326,-0.001277134659662281
2020-01-17,0.8451476582528715,0.766796969287906,-0.004417392668079674,-0.00728718483551307
2020-01-20,0.8394287176908578,0.7620061082521074,-0.006766794543140769,-0.006247887286575502
2020-01-21,0.8308771011253948,0.7578915407530658,-0.010187424358064908,-0.005399651596598887
2020-01-22,0.8342896225478194,0.7587666273260525,0.0041071313889893945,0.0011546329862941692
2020-01-23,0.8362019868103346,0.7595985016547939,0.0022922066999648914,0.0010963507075593586
2020-01-24,0.8415495996139499,0.7583430660234148,0.006395120901366825,-0.0016527621218896287
2020-01-27,0.8362986718558607,0.754431723273192,-0.006239593911634005,-0.0051577484195024625
2020-01-28,0.8336338199986415,0.7548657297705921,-0.0031864834261969167,0.0005752760442219351
2020-01-29,0.8234924700970111,0.7460607698364086,-0.01216523329349443,-0.011664272978532722
2020-01-30,0.8126227864870746,0.7364191447686512,-0.01319949362579599,-0.012923377635673585
2020-01-31,0.7949954108380277,0.7218795744179414,-0.021691953440352275,-0.01974360722965385
2020-02-01,0.8142484242653157,0.7244020916934952,0.024217766750367676,0.0034943740825299657
2020-02-03,0.8245566893215218,0.7332062389632943,0.012659852630979407,0.012153674555545332
2020-02-04,0.8217901384385558,0.7343904073670664,-0.0033551979127627364,0.0016150550020501973
2020-02-05,0.8056756296588449,0.722623477261876,-0.019609031583573577,-0.016022717599726198
2020-02-06,0.8071867053746739,0.7227682813679919,0.0018755385668905672,0.00020038666148040223
2020-02-07,0.8036855202898475,0.720097782962191,-0.004337515795928795,-0.0036948195910679145
2020-02-10,0.8061711677268771,0.7184666982481006,0.0030928110240597247,-0.0022650878154085253
2020-02-11,0.801750317914928,0.7174189373446115,-0.005483760755689556,-0.0014583291139922694
2020-02-12,0.7974106860789394,0.7144912245943358,-0.0054126973685205484,-0.004080896945809695
2020-02-13,0.7957664764686191,0.7093901829601842,-0.002061935761615156,-0.007139404178193832
2020-02-14,0.7889995133469588,0.7040538195905064,-0.008503704694485338,-0.007522465771107609
2020-02-17,0.7906043835268576,0.7050559709183554,0.002034057249402963,0.0014234015922699687
2020-02-18,0.7969373932794859,0.708296084012969,0.008010339791409965,0.004595540252489857
2020-02-19,0.7832136456305576,0.6983967551914018,-0.017220609504158813,-0.013976258015547487
2020-02-20,0.7757125268007669,0.6903010423034401,-0.009577359730181591,-0.011591853524209071
2020-02-24,0.7687058022054408,0.6876829925552566,-0.009032630456831116,-0.003792620302944302
2020-02-25,0.7792362883741528,0.6902397347500653,0.013698980986613783,0.0037179081386157133
2020-02-26,0.7864638415486721,0.6928050503622705,0.009275175299650426,0.0037165574264339607
2020-02-27,0.7747373718147476,0.684928496529551,-0.01491037364264992,-0.011369076811147245
2020-02-28,0.7607112036138537,0.6724395764067399,-0.018104416685152128,-0.018233903518529163
2020-03-02,0.7835586994177641,0.6831989165454321,0.030034388471433773,0.01600045642195248
2020-03-03,0.7920103595816194,0.6825474645125079,0.010786250181556666,-0.0009535320053172059
2020-03-04,0.7920065546631173,0.6848866088914822,-4.804127188475643e-06,0.0034270794349005205
2020-03-05,0.8071634420902826,0.6919274130536442,0.019137325742982342,0.010280247957480036
2020-03-06,0.8065753931067551,0.6845957702504953,-0.0007285376825351426,-0.010595971000473239
2020-03-09,0.799185348972556,0.6840206954257757,-0.00916224843623639,-0.0008400210017499498
2020-03-11,0.7681394516200593,0.648525090601493,-0.038846930054973874,-0.05189258901324344
2020-03-12,0.8202714956643228,0.6959853223327839,0.0678679423824847,0.07318179731068322
2020-03-13,0.7840059099518608,0.6644726243031899,-0.044211685891987686,-0.04527781983098525
2020-03-16,0.7854632574979408,0.6590005452548267,0.0018588476535457664,-0.008235221208852107
2020-03-17,0.7309886900339125,0.6230953988869942,-0.06935342543909008,-0.05448424379368078
2020-03-18,0.7457248728571299,0.6468294058216526,0.02015924873274539,0.03809048658849563
2020-03-19,0.7998386747783764,0.6914161878418023,0.07256537081017278,0.06893128484706415
2020-03-20,0.7764333389133639,0.6787840737111446,-0.029262570819669154,-0.018269913769429873
2020-03-23,0.7612828344978847,0.663042584554403,-0.019512949349499355,-0.023190716704175836
2020-03-24,0.8120554070960374,0.6964602067332946,0.06669344203937091,0.05040041613820305
2020-03-25,0.8187019744579797,0.7047606093816293,0.008184869288304837,0.011917985504537617
2020-03-26,0.7975489378599286,0.6924487598218529,-0.02583728543229099,-0.017469548376971688
2020-03-27,0.8018060401690517,0.6934213770366366,0.005337731776743525,0.0014046053242031038
2020-03-30,0.8042563637864643,0.700045004591516,0.003056005436047777,0.009552095989866548
2020-03-31,0.780131460105614,0.6742121944543725,-0.029996534397650917,-0.036901641991170575
2020-04-01,0.7662924585391212,0.6661289813260832,-0.017739319940538352,-0.011989123297941688
2020-04-03,0.7939232529676957,0.6830964741177724,0.03605776635365905,0.025471782893924554
2020-04-07,0.8012605613444004,0.6824620724212335,0.009241835844053881,-0.0009287146407223337
2020-04-08,0.815367363688075,0.691930927005968,0.017605761501608735,0.013874550641533798
2020-04-09,0.8209565458941248,0.6894572731624329,0.0068548024546491336,-0.0035750011265413355
2020-04-13,0.8149784960963007,0.6812355518274033,-0.0072818102586821275,-0.01192491783764623
2020-04-15,0.8274808255643626,0.6867615663247375,0.015340686322335411,0.0081117529502252
2020-04-16,0.811094168070385,0.6777959649754636,-0.019803066110687825,-0.01305489676315761
2020-04-17,0.7979522466436038,0.6650060130576136,-0.016202707335507292,-0.01886991451522285
2020-04-20,0.8012055919541973,0.6655234976389443,0.004077117802823341,0.0007781652664330507
2020-04-21,0.8137581915976921,0.6761234827168936,0.01566713933296214,0.015927288992131108
2020-04-22,0.8166199779789155,0.6837890776712866,0.0035167527783709577,0.011337566510173626
2020-04-23,0.8168069091364317,0.6823177203014481,0.00022890838156920147,-0.0021517707987518467
2020-04-24,0.8223469909740467,0.6836640005461381,0.006782608931984032,0.001973098755364641
2020-04-27,0.8096404726634374,0.6760855944070135,-0.015451528916715352,-0.011084986386690879
2020-04-28,0.8046982737602967,0.680108394802868,-0.006104189538453448,0.005950134759760339
2020-04-29,0.7970545083329105,0.676774557429558,-0.00949892111942461,-0.004901920633219522
2020-04-30,0.7919123034058546,0.6648211161173129,-0.006451509744058975,-0.017662368038250872
2020-05-04,0.7632154114609873,0.6473829878367808,-0.0362374619278522,-0.02622980506752577
2020-05-05,0.7643637488996974,0.6433339326351398,0.001504604625988884,-0.00625449738055497
2020-05-06,0.7527297553151041,0.6337244477632202,-0.015220493647612713,-0.014937009202294812
2020-05-07,0.7455209330336542,0.6232233960410406,-0.00957690622769682,-0.016570374962247385
2020-05-08,0.7367788898182847,0.6180214324307308,-0.011726086858214161,-0.008346868303331895
2020-05-11,0.728584980820366,0.619393121605355,-0.011121259188003512,0.002219484798818602
2020-05-12,0.7197837306726558,0.6064877593297228,-0.012079922561401595,-0.02083549497964041
2020-05-13,0.7206655118415579,0.6057428622623818,0.0012250640453876321,-0.0012282145119699708
2020-05-14,0.7204877556097775,0.6057900036599206,-0.0002466556659914401,7.782410734936008e-05
2020-05-15,0.7030553211454255,0.5950381363530454,-0.02419532369373624,-0.01774850565693907
2020-05-18,0.702233884163374,0.5972429135254637,-0.001168381715272754,0.0037052703645704954
2020-05-19,0.7165635082054193,0.6080354199089821,0.020405771303840362,0.01807054740894535
2020-05-20,0.7242119314140736,0.6215501201485757,0.010673754832714372,0.02222683053828775
2020-05-21,0.7434852403019074,0.6311906858312095,0.02661280220860405,0.015510520181911305
2020-05-22,0.7468290692858568,0.6295736457182831,0.004497505535673421,-0.0025618884264696673
2020-05-26,0.7457885278090374,0.6349345423284299,-0.0013932792918925673,0.008515122331765766
2020-05-27,0.7536329279825924,0.6405138522531485,0.010518263396461926,0.008787220654680563
2020-05-28,0.7714274801616053,0.6528404730775094,0.02361169678008551,0.01924489342580074
2020-05-29,0.7630212727303597,0.6526066926299243,-0.010896950973907043,-0.0003580973564383588
2020-06-01,0.7635416777961738,0.650710841508727,0.0006820321849637225,-0.0029050439454693464
2020-06-02,0.7587144112666541,0.6464940826459558,-0.006322204366699025,-0.00648023452781946
2020-06-03,0.7504054738148097,0.6443857654322187,-0.010951337325954932,-0.0032611546962783688
2020-06-04,0.7497316469313677,0.643039610551468,-0.0008979503840990081,-0.0020890512375731597
2020-06-05,0.7285447416792942,0.6268633036078501,-0.02825931830247664,-0.025156003888695266
2020-06-08,0.7260916533976122,0.624042724455782,-0.003367107250033286,-0.004499512311271832
2020-06-09,0.7214843442856604,0.6233511939972245,-0.006345354736406534,-0.0011081460154199918
2020-06-10,0.7085044362284865,0.6113804481430646,-0.0179905609317488,-0.01920385485651809
2020-06-11,0.7409472140196025,0.6350444918744321,0.045790507627327726,0.03870592166177697
2020-06-12,0.7394035193820798,0.6288517096324894,-0.0020834070340155423,-0.009751729715289347
2020-06-15,0.7356280964237741,0.6240109812649125,-0.005106038664058225,-0.007697726337431442
2020-06-16,0.7362433202547127,0.6221262421385753,0.0008363245421558504,-0.003020362113687211
2020-06-17,0.7423042437846914,0.630529599401944,0.008232228888517237,0.013507479180563033
2020-06-18,0.7412067641215758,0.6294922932759393,-0.0014784768810157272,-0.0016451347042051984
2020-06-19,0.7311290094326433,0.6220450868393947,-0.013596414896288723,-0.011830496601933834
2020-06-22,0.7353802855937446,0.6249502001518903,0.0058146730689845,0.004670261648165171
2020-06-23,0.7239882923713332,0.6214053314091142,-0.015491295382243564,-0.005672241951301863
2020-06-24,0.7183952781777676,0.6235456335567511,-0.0077252826495942005,0.0034442931842625576
2020-06-25,0.7165870251216958,0.6230699290326684,-0.0025170725796785764,-0.0007629025022101396
2020-06-26,0.7207376719472872,0.6246767939586283,0.005792243900713246,0.00257894796568755
2020-06-29,0.7189550383167911,0.6199266557701656,-0.002473345989643919,-0.007604153434867823
2020-06-30,0.7143350679764569,0.6239179514948326,-0.006425951685588587,0.00643833538615694
2020-07-01,0.7182950235125934,0.6292225815410146,0.00554355471775201,0.008502127617057136
2020-07-02,0.7104071439102898,0.6256833147543626,-0.010981392525498157,-0.0056248248083916015
2020-07-03,0.7088716755721237,0.6270875825417553,-0.002161392028963082,0.00224437467689868
2020-07-06,0.7085027589212558,0.6234002603977499,-0.000520427975303394,-0.005880075202669142
2020-07-07,0.6926066315448695,0.6145970637548465,-0.022436225090484114,-0.01412125916868668
2020-07-08,0.6965731760994275,0.6150899014324334,0.00572698032895035,0.0008018874587130617
2020-07-09,0.6928803475921793,0.6128704566132023,-0.0053014222108391015,-0.003608325895226702
2020-07-10,0.6881373271018159,0.6095809113410959,-0.006845367323298878,-0.005367439785374525
2020-07-13,0.6825806628428204,0.6040860322862156,-0.008074935104011976,-0.009014191475896794
2020-07-14,0.6813866138843703,0.6058878363653459,-0.001749315536536236,0.002982694488583359
2020-07-15,0.6941640034730278,0.6098874293610861,0.018752040806639284,0.006601210249958716
2020-07-16,0.7064037079637343,0.6171300113215635,0.017632295004450085,0.011875276668785824
2020-07-17,0.7049047235012598,0.6153939607198594,-0.0021219940461459502,-0.0028131035111813195
2020-07-20,0.6934128844021866,0.6088714689279593,-0.016302684201055236,-0.01059888820532192
2020-07-21,0.6869146214809199,0.6050243655108501,-0.009371419348328257,-0.0063184163053046135
2020-07-22,0.6928609756079339,0.6089038160837831,0.008656613123468482,0.006412056760156044
2020-07-23,0.6859800648414868,0.604745097169796,-0.00993115647826705,-0.006829845378099766
2020-07-24,0.6893883673777936,0.6050560353546128,0.0049685154292268205,0.0005141640441106419
2020-07-27,0.7051477127969905,0.6167115266114175,0.022859894603589344,0.019263490612028363
2020-07-28,0.7070252078782311,0.6175957175269943,0.0026625557272156285,0.001433718809238222
2020-07-29,0.7036775499163861,0.6115710366857591,-0.004734849513910863,-0.009755056050840961
2020-07-30,0.7054093784924363,0.6101873426497382,0.0024611110248663943,-0.0022625238165617555
2020-07-31,0.6921331101622481,0.5998789143925707,-0.01882065752876933,-0.016893874285236934
2020-08-03,0.6931784527226856,0.6026989357930465,0.001510320117747978,0.004700984370039664
2020-08-04,0.6923349018008462,0.6000876666468146,-0.001216931828342493,-0.004332626110905479
2020-08-05,0.6917343890644344,0.6020838175758283,-0.0008673731959053602,0.003326432186430128
2020-08-06,0.698039490189015,0.6054467928380189,0.009114916396029021,0.005585559956969225
2020-08-07,0.7009739203326489,0.6070157322762948,0.004203816811050644,0.0025913745961415624
2020-08-10,0.6935731620153943,0.6060282887679913,-0.010557822627327695,-0.0016267181488042626
2020-08-11,0.6914566933922053,0.6043983352868955,-0.0030515434262752047,-0.0026895666610042635
2020-08-12,0.6900491083990731,0.6013183064123565,-0.0020356806240847793,-0.005096024748441728
2020-08-13,0.6870510782756236,0.5937766251645166,-0.004344661976891671,-0.012541911941507057
2020-08-14,0.6858380422392587,0.5922262280167914,-0.0017655689288915343,-0.0026110781092058026
2020-08-17,0.6972968408974433,0.5991841924751123,0.01670773266057341,0.01174882862182805
2020-08-18,0.6944527960634752,0.5969846408009906,-0.0040786716175390016,-0.0036709107178476224
2020-08-19,0.6949596676349908,0.5966923394857864,0.0007298862851280995,-0.000489629540237487
2020-08-20,0.7018205372785228,0.6001207549228799,0.00987232779548213,0.005745700439271478
2020-08-21,0.6998034495448293,0.6006790027792944,-0.0028740790936599694,0.0009302258784337773
2020-08-24,0.7004384433236809,0.5999798061015047,0.0009073887521769302,-0.0011640105190203393
2020-08-25,0.6916443850007222,0.595367416299965,-0.01255507661919533,-0.0076875750727505065
2020-08-26,0.6899880483605794,0.5908750792499433,-0.0023947807226703433,-0.007545486916197584
2020-08-27,0.6825409263202239,0.5866675111445135,-0.010793117443193268,-0.007120909737420008
2020-08-28,0.6551793783649746,0.5696854243839881,-0.04008777627850577,-0.028946697129001667
2020-08-31,0.6664001716711693,0.573671511493078,0.01712629193885279,0.0069969968310147
2020-09-01,0.6653829083282842,0.5745521717667682,-0.0015265052233314857,0.001535129871445165
2020-09-02,0.6658141317068199,0.5758326252419353,0.000648083040814991,0.002228611322153193
2020-09-03,0.6638582767945546,0.5743442228867481,-0.0029375389003107283,-0.00258478295591865
2020-09-04,0.6582947830510691,0.5738755433947045,-0.008380544369121699,-0.0008160254310351288
2020-09-07,0.6515588653702669,0.5702946500948611,-0.010232372873414993,-0.00623984301310509
2020-09-08,0.6594906047437605,0.5731298545819625,0.012173480855004927,0.0049714730563049465
2020-09-09,0.669323142124711,0.5774158483053097,0.014909291065292478,0.007478224505462684
2020-09-10,0.6650605817813869,0.5756184329236665,-0.006368464012454436,-0.0031128611847397046
2020-09-11,0.6600926058126392,0.5745158763650121,-0.007469960037987616,-0.0019154295547040047
2020-09-14,0.6636417615641599,0.575236562665866,0.005376754292151569,0.0012544236469385624
2020-09-15,0.6680683324287822,0.5786772158834375,0.0066701210216023295,0.0059812839462537355
2020-09-16,0.6696908783413676,0.5775198723193719,0.002428712504133543,-0.0019999812197526046
2020-09-17,0.6754753852426703,0.5766513343940591,0.008637577557617513,-0.0015039100244717395
2020-09-18,0.6529054479105186,0.5633432458309945,-0.033413411983980956,-0.023078223823150834
2020-09-21,0.6468915340554924,0.559958789448932,-0.009211002717579606,-0.006007805023152646
2020-09-22,0.6419919778802333,0.5547879273107363,-0.007573999530559298,-0.00923436194882191
2020-09-23,0.6268704051006853,0.5398594716489995,-0.023554146002692088,-0.02690840035777386
2020-09-24,0.6344718469601291,0.5462023261479388,0.012126018069433442,0.011749084404437813
2020-09-25,0.63776724571545,0.5487954480332308,0.005193924318485665,0.004747548227375285
2020-09-28,0.6392173782252982,0.5489623034731278,0.0022737644800519805,0.00030403940210310703
2020-09-29,0.6436358591108972,0.5531769655728027,0.00691232910135549,0.007677507313361934
2020-09-30,0.6466256655628572,0.5541201755526298,0.0046451831569639486,0.0017050781911180813
2020-10-01,0.6430843203307481,0.5545901673333962,-0.005476654300485316,0.0008481766257611552
2020-10-05,0.650803194662001,0.558264671723011,0.012002896178969023,0.006625621235375882
2020-10-06,0.6568246431110648,0.5615953059628122,0.009252333882889464,0.005966048737280037
2020-10-07,0.6709082438385543,0.5681449732768509,0.02144194934706192,0.011662610503500856
2020-10-08,0.6641849098449325,0.5669900775417311,-0.010021242182320887,-0.0020327483115070598
2020-10-09,0.6666112954136659,0.5686540336738896,0.003653177801495002,0.0029347182571037916
2020-10-12,0.6560256978523565,0.5607637921224262,-0.015879715261561015,-0.013875293384427554
2020-10-13,0.6579476663328355,0.5599352715504156,0.0029297152333679485,-0.0014774858570572554
2020-10-14,0.6509883084073561,0.550529798085781,-0.010577373067174732,-0.016797429886121713
2020-10-15,0.6576631153749682,0.5552201560640967,0.010253343848742866,0.008519716815736943
2020-10-16,0.6509065304368886,0.5492013798801949,-0.010273626086248353,-0.01084034165216245
2020-10-19,0.655423557644744,0.5523206525547463,0.006939594237629743,0.005679651925186158
2020-10-20,0.6572572795613354,0.5515708065053043,0.002797766261531514,-0.0013576281205012549
2020-10-21,0.6510884144829742,0.5492653704385148,-0.009385769119937928,-0.004179764482816904
2020-10-22,0.6454786530210528,0.547199577772745,-0.008615974938482245,-0.0037610102091826625
2020-10-23,0.6365713969935258,0.5404420733855534,-0.01379945872080825,-0.012349250002524723
2020-10-26,0.655484784382143,0.5466934826840685,0.029711337138211856,0.011567214335023373
2020-10-27,0.6440032217046997,0.5378852490450691,-0.017516139124824484,-0.01611183216553833
2020-10-28,0.653541497447284,0.5418665838903803,0.014810913084155075,0.007401829390896118
2020-10-29,0.6518894572034655,0.5428298308273157,-0.0025278276135048327,0.0017776459474946153
2020-10-30,0.6491703013142398,0.5407159825751727,-0.004171191693896316,-0.0038941269106772015
2020-11-02,0.646984975017844,0.5433454255625306,-0.0033663374494668284,0.0048628911888918954
2020-11-03,0.6533089211853349,0.5479203427538293,0.009774486907236958,0.00841990559976144
2020-11-04,0.6617210696157305,0.5538839524801357,0.01287621852022634,0.010884081609989974
2020-11-05,0.6584497485885699,0.5533301598233115,-0.004943655533078888,-0.0009998351718703896
2020-11-06,0.6510036499259788,0.5502772412841156,-0.011308529889414056,-0.005517354304653666
2020-11-09,0.6404714830688248,0.5471197951080983,-0.016178353006702163,-0.005737918887303509
2020-11-10,0.6457951770135542,0.5527866878214359,0.00831214829303682,0.010357681743571396
2020-11-11,0.6445699088488416,0.5528299649307792,-0.0018973015103313708,7.828898614378312e-05
2020-11-12,0.6476059089369068,0.553816762136416,0.004710117624769883,0.0017849922548252733
2020-11-13,0.6454052045340553,0.5523750259200424,-0.003398215446280088,-0.0026032729865595153
2020-11-14,0.6435207760453363,0.5506894926694278,-0.0029197602924187606,-0.003051429140568312
2020-11-17,0.6445136188326102,0.5488741390857094,0.0015428294225018214,-0.0032965102982420846
2020-11-18,0.6378806547059414,0.547611085393589,-0.010291425864177823,-0.0023011718027456944
2020-11-19,0.6412378955870599,0.5521687914001921,0.005263117569643668,0.008322888502754247
2020-11-20,0.6444196043179976,0.5534268951234076,0.004961822675849152,0.002278476695550061
2020-11-23,0.6461055886985971,0.5575291052403334,0.002616283504260951,0.007412379400193427
2020-11-24,0.6322583160759481,0.5468581672224153,-0.021431903492029322,-0.019139696775683432
2020-11-25,0.6340586306063004,0.5492574341609137,0.0028474351140618916,0.004387366016099946
2020-11-26,0.6383441251810983,0.5504710680337006,0.006758830126955302,0.002209590252776251
2020-11-27,0.6386853479205443,0.5516687149975346,0.0005345435572845283,0.002175676494882891
2020-12-01,0.644981938960743,0.5551410563631723,0.009858674636421942,0.006294251008330709
2020-12-02,0.6465011554890406,0.5510126532444958,0.0023554404186040215,-0.0074366741053570684
2020-12-03,0.6547932532009629,0.5563401492840058,0.012826114294644659,0.009668554811110754
2020-12-04,0.6564345165509988,0.560082234044576,0.002506536745778274,0.006726253291958567
2020-12-07,0.6571307993743164,0.561759406198066,0.0010607041612863387,0.0029945105406726396
2020-12-08,0.6597129558752838,0.5643976629173921,0.003929440688864352,0.004696417523618522
2020-12-09,0.6546409759287733,0.5630710011613688,-0.007688161800280479,-0.002350579818431275
2020-12-10,0.6529832923620716,0.5624563580877103,-0.002532202577679963,-0.001091590709503281
2020-12-11,0.6589398806758463,0.5637909195681204,0.00912211442995362,0.0023727378332915297
2020-12-14,0.6603225679562189,0.5633577601915982,0.0020983511863850025,-0.0007682978946416132
2020-12-15,0.6612542336381416,0.5653971610638326,0.0014109250949975506,0.0036200812633536434
2020-12-16,0.6616054644320587,0.5669973060672951,0.0005311584804300416,0.0028301256420384295
2020-12-17,0.6652131513739756,0.5680668673661529,0.005452927969713489,0.0018863604595871191
2020-12-18,0.650625695478788,0.552699285511121,-0.02192899503724136,-0.027052417132306654
2020-12-21,0.6571920750505863,0.5566668298988948,0.01009240738173776,0.007178486550972727
2020-12-22,0.6688634965378716,0.5657535244239648,0.017759528652847516,0.016323398551913493
2020-12-23,0.6674285210511011,0.564810316918468,-0.002145393632928291,-0.0016671703573691828
2020-12-24,0.6716931026465377,0.5680186628010735,0.006389570509693579,0.005680395322999622
2020-12-28,0.6718179223378554,0.5691630909586547,0.00018582845473024266,0.0020147721061447065
2020-12-29,0.6807159888612502,0.5715234165831711,0.013244759074646997,0.00414701104483224
2020-12-30,0.6787595621247647,0.5687436419069921,-0.00287407196025802,-0.004863798394819502
2020-12-31,0.6792171959780898,0.5716724881267335,0.00067422085648791,0.005149677295593294
2021-01-01,0.677254544356989,0.5724048973150727,-0.0028895788162056884,0.0012811692071086535
2021-01-04,0.6795521929406649,0.5750468191395779,0.0033925923462905074,0.004615477325399161
2021-01-05,0.6814901519432851,0.5710728439091728,0.0028518177452035616,-0.006910698569468132
2021-01-06,0.6763514084966953,0.5651305838080014,-0.00754045151193541,-0.010405432799946733
2021-01-07,0.6866797695543962,0.5695379184430203,0.015270702371504586,0.007798789804156444
2021-01-08,0.6941781816057151,0.5707846504308368,0.01091980918002679,0.0021890236759386146
2021-01-11,0.6825569309169139,0.5682914880593714,-0.016741019808372306,-0.00436795623285173
2021-01-12,0.6760245306696119,0.5655850013877045,-0.009570484089183273,-0.00476249728974305
2021-01-13,0.6698002484509575,0.5664047335879916,-0.009207183964891192,0.0014493527909611671
2021-01-14,0.6558917252330898,0.561013335340709,-0.02076518073863641,-0.009518632044492117
2021-01-15,0.6493916764494408,0.5582495645991048,-0.009910246666610965,-0.00492639045723517
2021-01-18,0.6602449719415263,0.5638259608101822,0.016713019100315484,0.009989073999694037
2021-01-19,0.6667463752443388,0.5672842000625099,0.009846956174000629,0.006133522563165298
2021-01-20,0.6578857230700459,0.5591900544029921,-0.013289389343955151,-0.01426823743482692
2021-01-21,0.6424455625169208,0.5511905756995988,-0.023469365592968205,-0.014305473855277613
2021-01-22,0.6280596014430097,0.5419295799998954,-0.022392498155876253,-0.016801803419713598
2021-01-25,0.620418124493899,0.535955709840333,-0.012166802213601757,-0.011023332883146013
2021-01-27,0.6259490774736268,0.5357633369355702,0.008914879758291451,-0.000358934332129916
2021-01-28,0.6117742997875584,0.5239718803649305,-0.022645256932526968,-0.022008703764770272
2021-01-29,0.6266028378894257,0.5399970137305254,0.024238576394949297,0.03058395682309125
2021-02-01,0.6437696241131808,0.5506950496335221,0.027396598268813622,0.01981128715710882
2021-02-02,0.6426428279236626,0.5476586239560663,-0.001750309656300653,-0.005513806015645866
2021-02-03,0.6387873422031475,0.5514089454380896,-0.005999422312036023,0.0068479182431793705
2021-02-04,0.6445946655036809,0.5558500589281082,0.0090911684012151,0.008054119409488678
2021-02-05,0.6444207601851037,0.5542026335225483,-0.0002697901920135279,-0.0029637946044961338
2021-02-08,0.6488466076075124,0.5536598550101789,0.006867946683060525,-0.0009793863824128903
2021-02-09,0.6485064956118541,0.552716830687123,-0.0005241793540577609,-0.0017032557345856814
2021-02-10,0.6456149150209555,0.5496894071486234,-0.004458830575275056,-0.005477350010738838
2021-02-11,0.639852419867568,0.5440976198339315,-0.008925591741015444,-0.010172630656460834
2021-02-12,0.635446890622195,0.5407479463256458,-0.006885227137665497,-0.006156383314648562
2021-02-15,0.6339028881375446,0.5387120608634739,-0.002429789975270064,-0.003764943493554886
2021-02-16,0.6246415529544799,0.5322383248277258,-0.01461002206548577,-0.0120170616291227
2021-02-17,0.6192990995738656,0.527850238251348,-0.008552830587951006,-0.008244589635288095
2021-02-18,0.6081252453259967,0.5215679139750192,-0.018042742602980815,-0.011901717231654079
2021-02-19,0.599677011549533,0.511761393973273,-0.013892259598489217,-0.01880200015949579
2021-02-22,0.599996814930111,0.5115106925879774,0.0005332927132752376,-0.0004898794403953977
2021-02-23,0.60385521089787,0.5155273132174868,0.006430694083281585,0.007852466600819931
2021-02-24,0.6062166200208213,0.5169999369071451,0.003910555180007839,0.0028565386389857324
2021-02-25,0.5881367400666964,0.5032019403725678,-0.02982412450767845,-0.02668858456177224
2021-02-26,0.595719560887532,0.5071642454827255,0.012892955505509932,0.00787418487938254
2021-03-01,0.6014432340960345,0.5121109495098988,0.009607999441843285,0.009753652926508849
2021-03-02,0.6014694434730538,0.5120781431535992,4.357747420455664e-05,-6.406103273307582e-05
2021-03-03,0.6139993919031193,0.5192549333265873,0.020832227748285942,0.014015029285941272
2021-03-04,0.6160355300084768,0.52017174192026,0.00331618912365107,0.0017656232706333326
2021-03-05,0.6107675089173499,0.5158941900221906,-0.00855148905300062,-0.008223345394116111
2021-03-08,0.6083817112378896,0.5163112762797266,-0.0039062288753528847,0.0008084724844799212
2021-03-09,0.6084767059804964,0.5145797170572625,0.00015614332392332488,-0.003353711805290916
2021-03-10,0.597691055593913,0.5061652566873411,-0.017725658649830334,-0.016352102679136497
2021-03-12,0.590061489638081,0.5023920917282324,-0.0127650663071252,-0.007454413176839984
2021-03-15,0.5945177714747139,0.5057740597467394,0.007552232970442071,0.006731730204735077
2021-03-16,0.5824314352364114,0.4985764518834968,-0.020329646678722665,-0.014230875871425139
2021-03-17,0.5701358451991089,0.4914049139675558,-0.021110793980945855,-0.014384028545369004
2021-03-18,0.5786439799515664,0.49796174509466207,0.01492299567568183,0.013343031257394354
2021-03-19,0.584329228372555,0.5029339412913348,0.009825123250162188,0.009985096738159064
2021-03-22,0.5896918231558526,0.5056705911564925,0.00917735160747176,0.005441370407674298
2021-03-23,0.5942817551071445,0.5057435882616494,0.007783611322144549,0.00014435703090824364
2021-03-24,0.5825452957322758,0.49650903209387354,-0.01974898147891618,-0.018259363800373764
2021-03-25,0.5875734150579717,0.49685769694276605,0.008631293330376143,0.0007022326410097775
2021-03-26,0.5970500384061397,0.5055677494380425,0.01612840728546752,0.01753027586947036
2021-03-30,0.589944573231477,0.5026148642060211,-0.011900954220907829,-0.0058407310104404905
2021-03-31,0.5940432521854027,0.5034175700287332,0.006947566161130635,0.001597059458200094
2021-04-01,0.5858261592133415,0.4982494108992087,-0.013832482637975738,-0.010266147701657595
2021-04-05,0.5916801584971196,0.4995587205974034,0.009992724277862677,0.002627819862008049
2021-04-06,0.5950068288594651,0.5021711641744402,0.005622413249068934,0.0052295024975494275
2021-04-07,0.5999186372292097,0.5042871212437815,0.008255045373445189,0.0042136172291372676
2021-04-08,0.6029995402698485,0.50450768760696,0.005135534803299781,0.0004373825027188476
2021-04-09,0.599289454036769,0.4979410983945666,-0.006152718178556501,-0.013015835781493915
2021-04-12,0.5930086253825524,0.4941926887770449,-0.010480459170288222,-0.007527817305313982
2021-04-13,0.5940230484917103,0.4962654607937511,0.001710638034149222,0.004194258765413154
2021-04-15,0.6081661683538057,0.5017006458591361,0.02380904225518901,0.010952172767961142
2021-04-16,0.6042454709980772,0.5008568728539284,-0.0064467534692714745,-0.00168182563082551
2021-04-19,0.5845306554832185,0.48731087773745185,-0.03262716306717914,-0.027045640881975475
2021-04-20,0.5776495061894529,0.4866060873828201,-0.01177209309591665,-0.0014462848806168294
2021-04-22,0.57488529273693,0.4860643830568829,-0.004785277963375062,-0.0011132296532719915
2021-04-23,0.5749396087410444,0.4855470160177402,9.448146404276471e-05,-0.0010644002259307481
2021-04-26,0.5794133466896749,0.4895685153793526,0.007781231072993385,0.00828240979544088
2021-04-27,0.5820653816161473,0.491481546156854,0.004577103619763066,0.003907585388776717
2021-04-28,0.5783650865906784,0.4873445439206552,-0.006357181069925003,-0.008417411128755855
2021-04-29,0.5722391742479227,0.48107321796869756,-0.010591774096992086,-0.012868361881114369
2021-04-30,0.5790877470860104,0.485316012626803,0.011968025165506237,0.008819436417642141
2021-05-03,0.5679109395630142,0.4782981863329275,-0.019300714924876824,-0.014460322988089984
2021-05-04,0.5664162111539637,0.47830705397654755,-0.002631976785304786,1.8539990059328283e-05
2021-05-05,0.560009822140694,0.4753786844292499,-0.0113103913467059,-0.006122363287247725
2021-05-06,0.5585315906946199,0.47568325155724195,-0.0026396527125601894,0.0006406831815727617
2021-05-07,0.5528802875052176,0.47212082788649384,-0.0101181442259588,-0.007489066850862981
2021-05-10,0.5556450500665094,0.4736943137569242,0.005000653168098018,0.003332803336540443
2021-05-11,0.5540719975394268,0.4718683550937222,-0.002831038496418436,-0.0038547194048417733
2021-05-12,0.5613784280368841,0.47663165274534475,0.013186788955053489,0.010094547769952446
2021-05-14,0.5646660923634503,0.478738975110558,0.005856413717326223,0.004421280779560636
2021-05-17,0.5682378990609177,0.47927090401497974,0.006325520065349284,0.0011111042385860389
2021-05-18,0.5697466242714017,0.4786167468003735,0.002655094306411649,-0.0013649007463757946
2021-05-19,0.5702960529014458,0.4772019238232521,0.0009643385439040812,-0.0029560665952032238
2021-05-20,0.5741950012409998,0.4820718258499753,0.006836709319164286,0.010205118176612698
2021-05-21,0.5706059162919448,0.4814035473615076,-0.006250637747277388,-0.0013862633172753189
2021-05-24,0.5715342100464599,0.48050124353154894,0.0016268561681722733,-0.001874319030061222
2021-05-25,0.5719145437946633,0.4811069470491765,0.0006654610371837077,0.0012605659730988718
2021-05-26,0.5734897286693539,0.4827043925224947,0.0027542311902740064,0.0033203542021497793
2021-05-27,0.5686759227212956,0.47989856011692156,-0.008393883460175467,-0.005812734354685536
2021-05-28,0.5762136587998202,0.4848234414460881,0.013254888728986756,0.010262338207404912
2021-05-31,0.5697697793423084,0.4800894382170554,-0.011183142501227124,-0.009764386010116439
2021-06-01,0.569961011459866,0.47885337217651536,0.00033563050286426353,-0.0025746578494426505
2021-06-02,0.57045094619099,0.4785445865443153,0.0008595934130111779,-0.0006448438084429412
2021-06-03,0.5688526789845939,0.47738792170134203,-0.002801760987632887,-0.0024170471790848193
2021-06-04,0.5705819705051998,0.4792010994673409,0.003039963745433382,0.0037981224148632853
2021-06-07,0.5700083143689069,0.47905257484393826,-0.0010053877723913808,-0.00030994215908051797
2021-06-08,0.5700351535681836,0.47833269561110925,4.708562770084577e-05,-0.001502714463153709
2021-06-09,0.5717060377171856,0.4794720575528001,0.00293119492463397,0.002381944517163439
2021-06-10,0.5684651224166982,0.47843284903776473,-0.005668849175405441,-0.0021674016215657535
2021-06-11,0.5694182556906922,0.4786079701583808,0.0016766785443965895,0.0003660307208592346
2021-06-14,0.5725443482685031,0.47917506083562145,0.005489976035311686,0.0011848751224369197
2021-06-15,0.5675169653737302,0.4773243673084347,-0.00878077464213345,-0.003862249266394079
2021-06-16,0.57308005317302,0.48070059339723636,0.009802504838998678,0.007073232208612629
2021-06-17,0.5740622627180927,0.4796872203083919,0.0017139133348549884,-0.0021081169916656677
2021-06-18,0.5818016673248462,0.48500729375588547,0.013481820891881364,0.011090713327891653
2021-06-21,0.578799139842085,0.4826808460634812,-0.005160740594929729,-0.0047967272293748435
2021-06-22,0.5772216886849103,0.47948944769181384,-0.002725386146228647,-0.006611818964218148
2021-06-23,0.5813987825909576,0.48370950808791474,0.007236550510712885,0.008801153844814669
2021-06-24,0.5792390079287635,0.4834010195592299,-0.0037147904792116464,-0.0006377557677214639
2021-06-25,0.5746118129565074,0.47864343251669955,-0.007988403593193586,-0.0098419052712557
2021-06-28,0.5766723684703419,0.4792773124097454,0.003585995740728695,0.0013243258968643153
2021-06-29,0.5721296087811258,0.476544688296058,-0.007877540068836713,-0.005701551154065867
2021-06-30,0.5707087691480848,0.4749984903087366,-0.002483422656743864,-0.0032446022908157344
2021-07-01,0.5677829088525713,0.4729997551158387,-0.00512671340214548,-0.0042078769378798295
2021-07-02,0.5668953036929288,0.472540022889985,-0.0015632826310961949,-0.0009719502407377191
2021-07-05,0.5724591255265697,0.4749429606058994,0.009814549172301075,0.005085151732161032
2021-07-06,0.5704901712558735,0.47471205500898067,-0.0034394669992991425,-0.00048617542751694333
2021-07-07,0.5660716364029227,0.4709812757390701,-0.007745155088691366,-0.00785903629483337
2021-07-08,0.5666629575279625,0.46962620663894017,0.0010446047585024407,-0.00287711883663218
2021-07-09,0.5687264016942449,0.468692641758967,0.003641395893043853,-0.0019878892335556822
2021-07-12,0.5685317090588662,0.4681027857863238,-0.00034233092537767993,-0.0012585134053514884
2021-07-13,0.5715688983832357,0.47109342845514796,0.005342163464193059,0.006388858942166852
2021-07-14,0.5710445295892617,0.4715103583675209,-0.0009174200966099831,0.0008850259570382523
2021-07-15,0.5742228799325437,0.47240685077410044,0.0055658537619967235,0.0019013207041376616
2021-07-16,0.5736962065574606,0.47207693449078153,-0.0009171932946053703,-0.0006983731983951774
2021-07-19,0.5822463433237531,0.47602216462469277,0.014903596482882062,0.008357176226300521
2021-07-20,0.5778794235412271,0.4744252474368584,-0.007500124015545548,-0.003354711831734581
2021-07-22,0.573062869417404,0.4735535387538514,-0.0083348773595492,-0.001837399437986267
2021-07-23,0.5749876132319348,0.4734930409125747,0.0033586957334847617,-0.0001277529071705948
2021-07-26,0.5645052551190533,0.46716368499470606,-0.01823058074931645,-0.01336736841088501
2021-07-27,0.5568407516695576,0.4635362184922972,-0.013577381928675178,-0.007764872610870756
2021-07-28,0.5546429366261855,0.4609248864066908,-0.003946936420839321,-0.005633501723123239
2021-07-29,0.5565952171919886,0.4604362268223073,0.0035198871866619283,-0.0010601718388283327
2021-07-30,0.5546042757181345,0.4603476931188951,-0.003577000686240826,-0.00019228222771087685
2021-08-02,0.5607533962016089,0.4662949725008063,0.011087401869580222,0.012919103257839609
2021-08-03,0.5591425499118952,0.4649634767392745,-0.002872646515607677,-0.002855479557051197
2021-08-04,0.5555414846765176,0.4666071253460827,-0.0064403348232841655,0.003535005842469348
2021-08-05,0.5458585282350855,0.4628768919820629,-0.017429763048335378,-0.00799437719956178
2021-08-06,0.5451491228221909,0.46249446183388865,-0.0012996140505276536,-0.0008262027221463521
2021-08-09,0.5427068036070561,0.46091761137913256,-0.004480093818166875,-0.0034094472147916752
2021-08-10,0.5403678377723645,0.4585672987283113,-0.004309814837672773,-0.00509920339947252
2021-08-11,0.5396718352675817,0.4584898919816834,-0.001288016155165929,-0.00016880127920717788
2021-08-12,0.5377856995766098,0.46136467004572773,-0.003494967807680228,0.00627010129191505
2021-08-13,0.5336151256093382,0.4596323376053717,-0.007755085288722002,-0.0037548008177226105
2021-08-16,0.5388965111128223,0.46305324669733317,0.009897368440321633,0.007442707599260615
2021-08-17,0.5403153797494167,0.46175970423731455,0.0026329148683193445,-0.002793506943844221
2021-08-18,0.5419555024902053,0.46541006090823234,0.003035491496742446,0.007905316634215762
2021-08-20,0.5330892687072926,0.46106149350811393,-0.016359708024318784,-0.009343518254917672
2021-08-23,0.5350284076137365,0.46157483132968885,0.003637550069514927,0.0011133825504904156
2021-08-24,0.5333030171617109,0.461967198194804,-0.0032248576476919554,0.0008500612218929154
2021-08-25,0.5307110239582051,0.4604565972083958,-0.004860263527667009,-0.0032699312685208134
2021-08-26,0.5372622077814828,0.46496779869796595,0.01234416382463099,0.00979723499873856
2021-08-27,0.5451373176906797,0.4696408619105631,0.014657851967134839,0.010050294290664737
2021-08-30,0.5549534628338061,0.4777850378334661,0.018006738530962574,0.017341284763364537
2021-08-31,0.5528747391221527,0.47466264479754106,-0.0037457622140758392,-0.006535141933459446
2021-09-01,0.5610285731246407,0.48151176046327304,0.014748067555834686,0.014429438972711468
2021-09-02,0.5585573971571798,0.4806774088414984,-0.004404723905054926,-0.0017327751682987942
2021-09-03,0.5571364345355581,0.478918752222545,-0.002543986757410779,-0.003658704541975457
2021-09-06,0.5591156846576202,0.47942192899790415,0.0035525411719161846,0.0010506516460757284
2021-09-07,0.558770931645381,0.47828018819939566,-0.00061660407979837,-0.002381494732406141
2021-09-08,0.5604275777244222,0.4795257285342761,0.0029648036166858367,0.0026042064162633285
2021-09-09,0.5615806381224242,0.481815790664655,0.0020574654849855093,0.004775681457966209
2021-09-13,0.5573621296092225,0.4806103774731927,-0.007511848213474334,-0.002501813379340448
2021-09-14,0.5555122213018774,0.48122373091805204,-0.0033190419819913103,0.0012761968397021206
2021-09-15,0.5538564091355694,0.48575557814432635,-0.0029806943984552487,0.009417339451711474
2021-09-16,0.548776219603498,0.48118665890398044,-0.009172394592310184,-0.009405798813057394
2021-09-17,0.542325789962593,0.47916261737214455,-0.01175420765419753,-0.004206354216981241
2021-09-20,0.5487666782174505,0.4843104219333365,0.011876418887071156,0.010743335090337272
2021-09-21,0.5501822508162212,0.48446564349056015,0.002579552758868199,0.0003205001383286242
2021-09-22,0.5501932288031594,0.48460889367013243,1.9953364402340622e-05,0.00029568697284736633
2021-09-23,0.5541145520784465,0.48507128673996386,0.007127174726990576,0.000954157209805938
2021-09-24,0.5543019238659063,0.48379813141497985,0.0003381463034257121,-0.002624676742959879
2021-09-27,0.5524428113356389,0.4801485202043672,-0.003353970914084661,-0.007543665371212763
2021-09-28,0.5513121574214592,0.4808926607936254,-0.002046644269740954,0.0015498133555456376
2021-09-29,0.5445705318896815,0.47605405225542113,-0.01222832734781132,-0.010061722568647683
2021-09-30,0.5439969769250877,0.47473454224660006,-0.0010532243869375282,-0.002771765102239059
2021-10-01,0.5395340724894669,0.47369434229806623,-0.008203914037991695,-0.0021911191538986708
2021-10-04,0.5366188235403833,0.4734864498761433,-0.005403271262614462,-0.0004388746146182839
2021-10-05,0.5280797278183815,0.4682141484166731,-0.015912777091314775,-0.011135063022076647
2021-10-06,0.5289240008128451,0.4693799200759735,0.001598760471172468,0.0024898257842970056
2021-10-07,0.5267322336662726,0.4671927079801813,-0.004143822445576586,-0.004659790507097566
2021-10-08,0.5238424382184462,0.4674600883779894,-0.0054862703725426015,0.0005723128662776342
2021-10-11,0.525112503297606,0.4680010414380103,0.0024245173481536406,0.0011572176394737074
2021-10-12,0.5247732344366713,0.47015895181801953,-0.0006460879503041082,0.0046109093547713
2021-10-13,0.5222853763917995,0.47122431173874346,-0.004740824953739219,0.00226595689947913
2021-10-14,0.5166662390423634,0.46876102824536964,-0.010758749150236281,-0.005227411727303855
2021-10-18,0.5068416173536623,0.45886112234862025,-0.019015412555136106,-0.021119302374188353
2021-10-19,0.5061967646892032,0.45821189112252436,-0.0012722962013775184,-0.0014148752083700086
2021-10-20,0.49520752115304595,0.4502891776019254,-0.021709430606306725,-0.017290501783334238
2021-10-21,0.49292906714224616,0.4453842153119332,-0.004601008493357763,-0.010892916227998706
2021-10-22,0.49135119463287796,0.4431909251625642,-0.0032010133192508557,-0.004924490078376089
2021-10-25,0.4962724246252642,0.4463078734449099,0.010015707799516476,0.007032969551897762
2021-10-26,0.5017951923881058,0.4483554801590465,0.011128500172081657,0.00458787943473146
2021-10-27,0.4971649369548409,0.43912917421570463,-0.009227381018197721,-0.02057810454345062
2021-10-28,0.5011830964601965,0.44024647412446977,0.008082145796457524,0.0025443536307070197
2021-10-29,0.5023165258750553,0.4431305460371124,0.0022615076662880346,0.006551039206794897
2021-11-01,0.49901755848369767,0.4405521553467968,-0.006567507182071444,-0.005818580356000997
2021-11-02,0.5045691386321792,0.4411500128513702,0.011125019659329013,0.001357064078151431
2021-11-03,0.5029615619470119,0.4408027949831599,-0.0031860384674442257,-0.0007870743694782724
2021-11-04,0.5064411658530233,0.44184273234310967,0.00691823027696508,0.0023591895781637662
2021-11-08,0.5055419317023987,0.44031807604426537,-0.0017755945038749488,-0.0034506764222622974
2021-11-09,0.5036802439402943,0.4398290076415396,-0.003682558548279513,-0.0011107161602800755
2021-11-10,0.5001565872663873,0.43810987325440054,-0.006995820694378224,-0.003908642579891267
2021-11-11,0.5026696177837671,0.4403814965487751,0.005024487493236433,0.005185053871304843
2021-11-12,0.5078438046224532,0.4445762443659729,0.010293414711433467,0.009525259008545055
2021-11-15,0.499060074177802,0.4387045157070253,-0.017296126022805863,-0.013207472808902554
2021-11-16,0.4992861367329249,0.4391147973383964,0.00045297663912565855,0.000935211780781263
2021-11-17,0.4940221436235318,0.4353859128673904,-0.010543038795024386,-0.008491821486335416
2021-11-18,0.49160777117259696,0.4306923523347942,-0.004887174557047183,-0.010780230581382697
2021-11-22,0.4924883774550358,0.4327212453563399,0.0017912781979389884,0.004710770949488758
2021-11-23,0.4851840820967232,0.4268940352218978,-0.014831406572593658,-0.01346642947850521
2021-11-24,0.48687881925238086,0.4294606548920603,0.003492977651562316,0.006012310921206563
2021-11-25,0.49776250379938836,0.4333971805335155,0.02235399059609909,0.009166207885666784
2021-11-26,0.497917050749165,0.43466638607629,0.0003104833100062029,0.0029285043830051096
2021-11-29,0.501101430677689,0.436678216291507,0.006395402454550848,0.00462844673446623
2021-11-30,0.48680138220827485,0.4309166961165468,-0.028537233370247505,-0.013193972037098493
2021-12-01,0.48511056984168976,0.4329849700566524,-0.0034733105294711374,0.004799707133060846
2021-12-02,0.47759840484267785,0.4276805476516431,-0.01548546963522857,-0.012250823404598144
2021-12-03,0.4680842668633075,0.4194151513666445,-0.019920790946746012,-0.01932609825343508
2021-12-06,0.4668646436029408,0.42016023177062845,-0.0026055634566390685,0.0017764746971018072
2021-12-07,0.47322039948008576,0.4256342507654731,0.013613701453371362,0.01302840816651359
2021-12-08,0.47215974327513466,0.42832510197839013,-0.002241357739684199,0.0063219799818216675
2021-12-09,0.4761422385152258,0.43126011297967365,0.008434635304709849,0.00685229744352363
2021-12-10,0.4729358390087046,0.42735899664765636,-0.006734121124225052,-0.009045854728051682
2021-12-13,0.4738533300692475,0.4262496714534107,0.001939990554460912,-0.002595768903773106
2021-12-14,0.4738556300679469,0.4233441030991709,4.853819849785963e-06,-0.006816587903358277
2021-12-15,0.46876884355851217,0.4194487640438924,-0.010734886717934199,-0.009201354233499269
2021-12-16,0.4618051084001299,0.41336743857300134,-0.014855371158030145,-0.014498374991646662
2021-12-17,0.4641999276964213,0.41188208614313815,0.005185779136545372,-0.00359329809573496
2021-12-20,0.4659391068647862,0.41282282934550113,0.0037466166291655074,0.0022840109682170148
2021-12-21,0.46710237954550965,0.4126563004336262,0.002496619544452775,-0.0004033907527326505
2021-12-22,0.46687997639623563,0.41362881324242323,-0.0004761336251175455,0.0023567138264339515
2021-12-23,0.46396913238379306,0.41172250173134756,-0.006234673062894774,-0.004608749318337348
2021-12-24,0.4675011302687147,0.4143670172274764,0.007612570833699446,0.0064230531122497336
2021-12-27,0.474176774168908,0.4182425539355832,0.014279417669763147,0.009352908284153404
2021-12-28,0.4742256826982699,0.4172127952463784,0.00010314408470900641,-0.002462108839750982
2021-12-29,0.4763629226101399,0.4191498976634964,0.004506799167243284,0.004642960233216521
2021-12-30,0.47772372821606324,0.42067283348436546,0.0028566572697702923,0.0036333918470658868
2021-12-31,0.4803394890445618,0.42464743387857845,0.0054754676688688435,0.00944819840466534
2022-01-03,0.47780777458757695,0.42490234569649377,-0.005270677332860265,0.0006002904941330238
2022-01-04,0.48151295947778633,0.42781053372353983,0.007754551280392144,0.006844368021266124
2022-01-05,0.4779424503929232,0.4257652466966324,-0.007415187929179361,-0.004780824373597957
2022-01-06,0.48064052016000386,0.4274715446119449,0.005645177081178985,0.0040076026132970675
2022-01-07,0.4797450783873497,0.4264078811216497,-0.0018630176506052138,-0.0024882673565109923
2022-01-10,0.47909093575645456,0.42687537351388705,-0.001363521295714058,0.0010963502621190088
2022-01-11,0.47620988492279365,0.4240058224242408,-0.006013578255476541,-0.006722222146536808
2022-01-12,0.4717270563641872,0.42062360301728263,-0.009413556292165677,-0.007976823024788722
2022-01-13,0.46800136232751677,0.4204506322650566,-0.007897986741286512,-0.0004112245508460943
2022-01-14,0.4718312474291058,0.4231964493532153,0.008183491352550502,0.006530652774539704
2022-01-17,0.4656871081523451,0.41805284930058345,-0.01302189990645726,-0.012154166369999055
2022-01-18,0.4577753092446562,0.41181923789384256,-0.016989516714516005,-0.014911060688068304
2022-01-19,0.4561899738372206,0.4084195717780047,-0.003463130001597227,-0.008255238714016164
2022-01-20,0.4525173942761572,0.40726847823963375,-0.008050548612832602,-0.002818409346446832
2022-01-21,0.4465773613760096,0.4007448271763345,-0.0131266399375636,-0.016018060350501347
2022-01-24,0.45124732558388453,0.4047021624524776,0.010457234539354212,0.009874950361871648
2022-01-25,0.45427724465758273,0.4065772853752146,0.006714541897345759,0.004633340507433457
2022-01-27,0.4536322140306316,0.4074271292880602,-0.0014199052110509041,0.0020902395274277775
2022-01-28,0.4559521912608381,0.4092801676095857,0.005114225044982856,0.004548146621368882
2022-01-31,0.4602357082416499,0.41370763702545543,0.00939466256092916,0.010817698403830728
2022-02-01,0.45903452930910194,0.4148473402918654,-0.0026099212013277456,0.0027548518915540728
2022-02-02,0.45659297769525925,0.4134284833133561,-0.005318884436683833,-0.003420190611589906
2022-02-03,0.45874922852219124,0.41351691543491187,0.004722479171309424,0.00021389944119728393
2022-02-04,0.45356541323187105,0.40824815654756175,-0.011299888845632095,-0.01274133823959477
2022-02-07,0.45587379035473086,0.40837291655237495,0.005089402885487963,0.0003055984523439629
2022-02-08,0.45971191865468286,0.41057106709147617,0.008419278276484048,0.005382704018813947
2022-02-09,0.4609753275158921,0.4122433853242314,0.002748262139703657,0.004073151682611374
2022-02-10,0.458721184122175,0.4107708993338251,-0.004889943689316778,-0.003571885063111938
2022-02-11,0.45660379068886586,0.4074132978409965,-0.0046158614570222176,-0.008173903015705019
2022-02-14,0.46779608482907475,0.41542819180906054,0.024512048231845312,0.01967263712435834
2022-02-15,0.46329032557432054,0.4117642480766896,-0.009631887484480647,-0.008819680042453645
2022-02-16,0.4598765684346231,0.4090239839312128,-0.007368505127892618,-0.006654934609491409
2022-02-17,0.45593021879404444,0.4077209104763057,-0.008581323579958996,-0.0031858118499140885
2022-02-18,0.4560957434857396,0.4060229821879552,0.0003630483018496342,-0.004164437596215018
2022-02-21,0.46527410024220445,0.40996880290723464,0.02012375008439834,0.009718220131324527
2022-02-22,0.46449948865184404,0.40770578352243814,-0.0016648500098268798,-0.005519979492948306
2022-02-23,0.45584684028013644,0.40063304370654695,-0.018627896441438262,-0.017347656328995684
2022-02-24,0.46053362657343283,0.40520982061446637,0.010281493429714728,0.011423862758738901
2022-02-25,0.46570924325652663,0.4098294116507926,0.011238303534103822,0.01140049130428528
2022-02-28,0.46064446733439396,0.4071155767261026,-0.010875403474315011,-0.006621864726005641
2022-03-02,0.4452466448680218,0.399928459598187,-0.033426695767072974,-0.017653751265702365
2022-03-03,0.44217255617371215,0.40142999406480545,-0.00690423775168671,0.003754507664013281
2022-03-04,0.4429122069849958,0.40358203028384454,0.001672765079959107,0.005360925319127151
2022-03-07,0.45467916972853883,0.41404222855977085,0.02656725770473439,0.025918394504754062
2022-03-08,0.46692112195863206,0.42265690965691427,0.026924374471348916,0.0208062861778839
2022-03-09,0.45906501228903507,0.4166767140194511,-0.016825346509582405,-0.01414905447143291
2022-03-10,0.46791629539435525,0.4226871726036487,0.0192811102313918,0.014424752768682481
2022-03-11,0.4695995609663854,0.4265060926781091,0.0035973647180026066,0.00903486152876818
2022-03-14,0.46983871281420214,0.4243798324504808,0.0005092676137188505,-0.004985298602130633
2022-03-15,0.4710997966827017,0.4261155658275227,0.002684078246652017,0.004090046803165176
2022-03-16,0.4712527172710984,0.4258917738192672,0.0003246033844071837,-0.0005251908782559427
2022-03-17,0.46170777167189997,0.4193484978743045,-0.02025440968164751,-0.015363705868945532
2022-03-21,0.4628685567433408,0.4229948471762938,0.0025141120480547635,0.00869527211966387
2022-03-22,0.45428241104446476,0.41800809283099916,-0.018549857348891065,-0.011789160975798615
2022-03-23,0.46143096846971626,0.4226631590832428,0.0157359326521489,0.011136306526308488
2022-03-24,0.4575600483354926,0.4185220406771133,-0.00838894742383924,-0.009797680060669596
2022-03-25,0.45640760577482414,0.419075508853476,-0.002518669549189742,0.0013224349557964454
2022-03-28,0.46128698884202,0.42144820241748815,0.010690845212608536,0.0056617328235273375
2022-03-29,0.46185696786135594,0.4201492218207938,0.0012356277829703882,-0.0030821832653295275
2022-03-30,0.4574695709072971,0.41820490242632546,-0.009499471176920389,-0.004627687720191986
2022-03-31,0.4588805115790936,0.42097305662880086,0.003084228463541707,0.006619133794021087
2022-04-01,0.46445287476233543,0.42689386364102955,0.012143386007102918,0.014064574725145614
2022-04-04,0.4614773404851286,0.4254631123649437,-0.0064065364623469645,-0.0033515386327710017
2022-04-05,0.4639514664240171,0.4252071658454134,0.005361316194393388,-0.0006015715865651571
2022-04-06,0.46419561870723847,0.42304733990486854,0.0005262453098882091,-0.0050794674079647885
2022-04-07,0.4631329649415015,0.42518366613093006,-0.002289236957247354,0.005049851457621539
2022-04-08,0.46401486292776956,0.4251177805809288,0.0019042004198068952,-0.00015495785762611943
2022-04-11,0.46243304309238153,0.42421338779453666,-0.0034089852756165676,-0.0021273934605987813
2022-04-12,0.45768128401454206,0.42127266929956525,-0.010275561292211154,-0.006932168054054331
2022-04-13,0.4567761961585406,0.4189941693831727,-0.0019775505086476997,-0.0054086108177416594
2022-04-18,0.44684774521795084,0.4084106802800861,-0.02173592018167187,-0.025259275370507473
2022-04-19,0.456790728082459,0.41369167193206213,0.022251388690925314,0.012930591453569099
2022-04-20,0.4581102677477911,0.4157932537785153,0.002888718146428574,0.005080068053190816
2022-04-21,0.4544521082013235,0.41470099074816685,-0.007985325376905958,-0.002626937836105964
2022-04-22,0.452256432197529,0.41298698551638313,-0.004831479410415261,-0.0041331110125671314
2022-04-25,0.45453482467589973,0.4142194559876437,0.0050378332206354294,0.002984284044010661
2022-04-26,0.4584823721991209,0.41728896026122625,0.008684807651506013,0.007410333409529935
2022-04-27,0.46039690454036886,0.4185921531855811,0.004175803601924375,0.0031229988052859704
2022-04-28,0.46029115611200166,0.4167911772590191,-0.00022968970321980264,-0.004302459835561063
2022-04-29,0.4630683925689952,0.42143503518107034,0.006033651570567481,0.011141929521135796
2022-05-02,0.4521387276003073,0.4121403123587481,-0.02360270133759858,-0.022054936221258363
2022-05-04,0.4443252982458721,0.40748770149836916,-0.017281044240347255,-0.011288900213986035
2022-05-05,0.4412003956952861,0.40696107955901395,-0.007032916115563514,-0.0012923627815484284
2022-05-06,0.44363399403694564,0.4090232515422491,0.005515857114825164,0.005067246198259885
2022-05-09,0.4488364742067208,0.412095429507022,0.011726964659389627,0.007511010567709809
2022-05-10,0.4502400936396816,0.411314231904601,0.003127240127802961,-0.001895671600521136
2022-05-11,0.4450193752840956,0.4080976302056942,-0.01159540971436463,-0.007820302458323124
2022-05-12,0.44391919254009293,0.40746563100766525,-0.002472213132968234,-0.0015486470669049041
2022-05-13,0.4373950820833962,0.4020634256654153,-0.014696617236497274,-0.01325806382464751
2022-05-16,0.4421707773564187,0.40872152229208325,0.010918493299638643,0.016559816689739472
2022-05-17,0.44798664305048425,0.41124639239240784,0.013152985208196119,0.0061774826198661035
2022-05-18,0.44857187889537115,0.41225633298861153,0.001306368959801711,0.0024558041477967217
2022-05-19,0.45372792671172546,0.4159111811796701,0.011494362573622057,0.008865474945073741
2022-05-20,0.4477939549426323,0.41153151719607395,-0.013078259943349836,-0.010530286709710127
2022-05-23,0.44201515357409366,0.40765081247793356,-0.01290504551201229,-0.009429908903651227
2022-05-24,0.4308416439682788,0.39923954357136326,-0.025278566844296836,-0.02063351439297233
2022-05-25,0.4313615316302943,0.40068375919487453,0.001206679227260989,0.0036174162774361817
2022-05-26,0.4309446226747906,0.40134173426931846,-0.000966495445080572,0.0016421306313139127
2022-05-27,0.433730986501859,0.4037372682384909,0.006465712020662873,0.005968813518817666
2022-05-30,0.4341804443911928,0.40435113817633955,0.0010362595786822147,0.001520468844818268
2022-05-31,0.4306522850070791,0.40265554015041394,-0.008126020942884542,-0.0041933801239510135
2022-06-01,0.4344868841068428,0.40663237709746874,0.008904165223924636,0.00987652360518676
2022-06-02,0.41998736663687186,0.3975679543308811,-0.03337158841923854,-0.02229144376374858
2022-06-03,0.41749014203590123,0.39715852153219505,-0.005945951710327924,-0.0010298435631592297
2022-06-06,0.41508147523509176,0.3953281936484703,-0.005769398024737856,-0.00460855750158273
2022-06-07,0.4096296645893224,0.39126756423375775,-0.013134314516641854,-0.01027154015309958
2022-06-08,0.41060240520165947,0.3938305591427839,0.0023746830281745615,0.006550491641302849
2022-06-09,0.4144705812306578,0.3954416458366691,0.009420733975239536,0.004090811788175787
2022-06-10,0.4123898542131804,0.3925951099396945,-0.005020204356360428,-0.007198371559859108
2022-06-13,0.4163574899201922,0.3956993738766909,0.009621079826471098,0.007907036685895681
2022-06-14,0.4178646112920373,0.3957964185564102,0.0036197772547191445,0.00024524850461220184
2022-06-15,0.4067053339374932,0.38540898546387137,-0.026705485587878722,-0.026244383742594093
2022-06-16,0.39884897572047806,0.38277034009097954,-0.019317076914025882,-0.00684635146665304
2022-06-17,0.40719276713830005,0.38836096175638596,0.020919676182569635,0.01460568147489592
2022-06-20,0.41025763096889206,0.39286514101508796,0.007526813042705748,0.011597919724813758
2022-06-21,0.40756751406181885,0.39142321862407287,-0.006557140450306941,-0.003670273181502999
2022-06-22,0.4132966168086762,0.396369705689201,0.014056818929853079,0.012637183564419
2022-06-23,0.41364683941422015,0.3960878724970125,0.0008473880290823875,-0.0007110361567578513
2022-06-24,0.4157119417679993,0.39677850498624945,0.004992428702473947,0.0017436345245389357
2022-06-27,0.4150038093597686,0.3974137902008203,-0.0017034208957746452,0.0016011079395363427
2022-06-28,0.41812196220067327,0.4010695923426421,0.007513552335134238,0.00919898159541591
2022-06-29,0.4135449286065336,0.398820862619867,-0.010946647169762819,-0.005606831746182239
2022-06-30,0.4241958559351401,0.40861089720858235,0.025755187869176632,0.024547448507092402
2022-07-01,0.4237254193309959,0.40833235157922027,-0.001109008014958442,-0.0006816891846617803
